date,metrics,Close,count,filter_count
2020-01-01,-1.4057173168208986e-05,7200.174316,8317,3658
2020-01-02,2.4161921340043077e-07,6985.470215,9861,4245
2020-01-03,-3.333641926453329e-06,7344.884277,10988,4687
2020-01-04,-1.7734148803235154e-06,7410.656738,9404,4132
2020-01-05,-5.7864795360694596e-05,7411.317383,9094,3821
2020-01-06,-7.999106659768238e-08,7769.219238,10978,4891
2020-01-07,-3.8362067205927546e-07,8163.692383,11281,4842
2020-01-08,-4.1779273202294093e-07,8079.862793,11604,5104
2020-01-09,3.464131985258746e-06,7879.071289,10331,4368
2020-01-10,1.0587292557258046e-06,8166.554199,10331,4228
2020-01-11,-1.1425000166711738e-06,8037.537598,8886,3628
2020-01-12,2.563859097831063e-06,8192.494141,8516,3364
2020-01-13,5.122042011684536e-06,8144.194336,10276,4477
2020-01-14,2.9483356902257795e-06,8827.764648,13388,5755
2020-01-15,3.177679414623668e-07,8807.010742,11642,5069
2020-01-16,6.9836552145037204e-06,8723.786133,11060,4510
2020-01-17,-9.536824564533094e-08,8929.038086,10704,4435
2020-01-18,2.0496614189204512e-07,8942.808594,9410,3680
2020-01-19,-3.114728449706689e-06,8706.245117,10395,4110
2020-01-20,3.097468705067788e-07,8657.642578,10895,4472
2020-01-21,-3.0251196519806603e-06,8745.894531,10665,4417
2020-01-22,3.7687933725896534e-07,8680.875977,10451,4461
2020-01-23,-9.670197463624694e-06,8406.515625,10901,4758
2020-01-24,1.0178956734175334e-05,8445.43457,10795,4649
2020-01-25,-2.3420571318293997e-07,8367.847656,8962,3657
2020-01-26,-1.248542159244725e-05,8596.830078,8960,3734
2020-01-27,3.86299663444011e-08,8909.819336,11965,5292
2020-01-28,1.0058865577558226e-06,9358.589844,12504,5659
2020-01-29,-4.970746099649788e-07,9316.629883,12465,5389
2020-01-30,1.5674090324031212e-06,9508.993164,11118,4801
2020-01-31,3.706645972521931e-06,9350.529297,11258,5016
2020-02-01,2.1042694996867793e-07,9392.875,8636,3685
2020-02-02,-5.790160208377267e-07,9344.365234,13107,4462
2020-02-03,1.1438204836747287e-06,9293.521484,12220,5106
2020-02-04,-1.1947265890737128e-05,9180.962891,12110,5169
2020-02-05,7.033715642471551e-07,9613.423828,12670,5427
2020-02-06,6.079467437291321e-07,9729.801758,12292,5386
2020-02-07,4.837756839966175e-07,9795.943359,10780,4692
2020-02-08,1.7926337859085585e-06,9865.119141,9588,3954
2020-02-09,-1.2576523793873641e-07,10116.673828,13297,5465
2020-02-10,3.859156120708005e-07,9856.611328,11748,5279
2020-02-11,5.461777986212331e-06,10208.236328,12629,5293
2020-02-12,3.386654000011565e-05,10326.054688,12373,5425
2020-02-13,-1.6220842941731655e-05,10214.379883,12216,5112
2020-02-14,1.6221071615414221e-06,10312.116211,12102,4776
2020-02-15,1.9276078236309252e-07,9889.424805,10476,4297
2020-02-16,2.2283295429447808e-07,9934.433594,10639,3986
2020-02-17,2.453028423526296e-07,9690.142578,11664,5029
2020-02-18,4.888494768170172e-07,10141.996094,12296,5285
2020-02-19,1.8812754381093997e-06,9633.386719,12946,5467
2020-02-20,3.190937797676517e-07,9608.475586,12983,5545
2020-02-21,-1.2778301176993989e-06,9686.441406,11474,4896
2020-02-22,4.460452322370166e-06,9663.181641,8867,3548
2020-02-23,-8.677893864222629e-07,9924.515625,9044,3558
2020-02-24,1.5795390315236665e-05,9650.174805,12270,4840
2020-02-25,-1.009780935676754e-06,9341.705078,11810,4782
2020-02-26,7.581752699298121e-07,8820.522461,13171,5918
2020-02-27,-1.0171590725133538e-06,8784.494141,12504,5326
2020-02-28,-1.6488251818422573e-06,8672.455078,11948,4596
2020-02-29,2.0154459207785647e-06,8599.508789,9152,3704
2020-03-01,-1.7372301059895972e-06,8562.454102,8751,3441
2020-03-02,6.8306305730853014e-06,8869.669922,10940,4900
2020-03-03,-1.5009123018439643e-05,8787.786133,11029,5013
2020-03-04,-9.211868326179285e-08,8755.246094,12258,5548
2020-03-05,-9.160651255215385e-07,9078.762695,12529,5529
2020-03-06,1.4332055626141665e-07,9122.545898,10872,4771
2020-03-07,9.844480926290935e-06,8909.954102,9215,4136
2020-03-08,-5.799079336491642e-06,8108.116211,9690,3961
2020-03-09,-1.8746401524384355e-06,7923.644531,13959,6449
2020-03-10,-2.7366007007275227e-06,7909.729492,11542,5309
2020-03-11,1.0291360416565447e-05,7911.430176,10950,4989
2020-03-12,-7.073131453214771e-07,4970.788086,20266,8875
2020-03-13,-2.8800049325370253e-06,5563.707031,21172,8852
2020-03-14,-8.54286510843376e-06,5200.366211,11478,4531
2020-03-15,-2.9997033293407283e-06,5392.314941,10349,4418
2020-03-16,4.767039761712704e-05,5014.47998,13247,6015
2020-03-17,3.6432566020741465e-06,5225.629395,11803,5260
2020-03-18,5.808946935350735e-06,5238.438477,11963,5527
2020-03-19,-8.369371888892052e-06,6191.192871,12797,5786
2020-03-20,9.548634808875893e-07,6198.77832,12920,5703
2020-03-21,1.1655155935471969e-07,6185.066406,9774,4264
2020-03-22,1.4248036272219824e-07,5830.254883,9226,4057
2020-03-23,1.1833210305913673e-06,6416.314941,12094,5570
2020-03-24,4.741099501485718e-06,6734.803711,11567,5088
2020-03-25,-1.1834381899164186e-06,6681.062988,11257,4807
2020-03-26,7.74517268762979e-06,6716.44043,11477,4746
2020-03-27,1.4818043105364682e-06,6469.79834,10973,4762
2020-03-28,1.3417549349866805e-07,6242.193848,9579,3809
2020-03-29,-4.909535599758375e-06,5922.042969,9114,3782
2020-03-30,2.0916950477001906e-07,6429.841797,11157,4853
2020-03-31,7.20073458123856e-07,6438.644531,10907,4562
2020-04-01,-3.960845825690656e-07,6606.776367,11455,4921
2020-04-02,-4.514298716234899e-06,6793.624512,12047,5239
2020-04-03,1.7885559953206956e-06,6733.387207,12467,5039
2020-04-04,-4.746766725675354e-06,6867.527344,9994,3980
2020-04-05,-2.259514159151093e-07,6791.129395,10012,3697
2020-04-06,1.9115227948269406e-06,7271.78125,12486,5091
2020-04-07,1.3652634846156834e-05,7176.414551,12234,5232
2020-04-08,5.474410911269351e-06,7334.098633,11389,4720
2020-04-09,-4.906587202293809e-06,7302.089355,11637,5175
2020-04-10,-7.90332084971962e-06,6865.493164,11882,5064
2020-04-11,3.693141241837676e-06,6859.083008,9418,3619
2020-04-12,1.7519671725792715e-05,6971.091797,9719,3845
2020-04-13,2.220643904887855e-07,6845.037598,11630,4968
2020-04-14,4.128456598149407e-06,6842.427734,11762,5026
2020-04-15,-2.948021324126626e-07,6642.109863,11577,4890
2020-04-16,9.420259817501287e-07,7116.804199,12160,5212
2020-04-17,2.0160051048174026e-06,7096.18457,11135,4724
2020-04-18,5.853438952030502e-07,7257.665039,10435,4480
2020-04-19,1.625446039503198e-08,7189.424805,9828,4120
2020-04-20,-5.92063986073266e-06,6881.958496,12814,5643
2020-04-21,8.734220373013601e-07,6880.323242,12672,5464
2020-04-22,6.807760324578139e-07,7117.20752,11691,4903
2020-04-23,-5.185275289968913e-07,7429.724609,13538,5805
2020-04-24,-1.120655188859908e-06,7550.900879,12846,5633
2020-04-25,-1.1271849605092429e-07,7569.936035,10537,4409
2020-04-26,2.6335284713698217e-06,7679.867188,10506,4335
2020-04-27,7.170842527811931e-06,7795.601074,12773,5423
2020-04-28,2.079356126674469e-06,7807.058594,12585,5431
2020-04-29,3.393837594164887e-06,8801.038086,17450,7221
2020-04-30,3.02072496730462e-06,8658.553711,17219,7463
2020-05-01,-1.6365557018929913e-05,8864.766602,14227,6157
2020-05-02,-3.12799115980901e-06,8988.59668,11681,4825
2020-05-03,8.245070013530237e-07,8897.46875,11248,4557
2020-05-04,-2.4667563921514276e-07,8912.654297,13718,5644
2020-05-05,1.9020325193563287e-07,9003.070313,16726,6282
2020-05-06,-2.0467107832375236e-07,9268.761719,15957,6544
2020-05-07,-8.889761196706316e-07,9951.518555,19861,8120
2020-05-08,1.0995268253100965e-06,9842.666016,19104,7889
2020-05-09,6.788217534174758e-08,9593.896484,13415,5400
2020-05-10,-3.1383882435397007e-07,8756.430664,15345,5840
2020-05-11,1.9218030608250515e-07,8601.795898,25602,8730
2020-05-12,1.338468604102741e-06,8804.477539,16892,6744
2020-05-13,8.305791307001871e-07,9269.987305,14641,6306
2020-05-14,1.9658345525959973e-05,9733.72168,15409,6713
2020-05-15,-8.210738820416556e-07,9328.197266,14706,6203
2020-05-16,-1.0694963304049056e-06,9377.013672,13501,5039
2020-05-17,1.538602247363437e-06,9670.739258,11878,4813
2020-05-18,-2.2682450583188345e-06,9726.575195,14054,5880
2020-05-19,5.1274664803753194e-06,9729.038086,13707,5944
2020-05-20,1.8957397614541784e-07,9522.981445,14925,6433
2020-05-21,-4.5895460938913144e-07,9081.761719,14102,5875
2020-05-22,-6.294020378527421e-07,9182.577148,14800,5796
2020-05-23,5.055817669163207e-07,9209.287109,10841,4155
2020-05-24,-1.9613310534624217e-07,8790.368164,10985,4295
2020-05-25,-2.1702683314067995e-07,8906.93457,12647,5197
2020-05-26,1.5848488325864662e-07,8835.052734,13240,5382
2020-05-27,-2.2058521954959406e-06,9181.017578,13833,5984
2020-05-28,1.2984672213117358e-06,9525.750977,14422,6284
2020-05-29,5.123303213766655e-05,9439.124023,12811,5571
2020-05-30,3.269757775149005e-05,9700.414063,10642,4436
2020-05-31,-5.5771804527813646e-06,9461.058594,10149,4008
2020-06-01,-4.690460418305e-06,10167.268555,13801,5826
2020-06-02,3.096012111403197e-07,9529.803711,16615,6899
2020-06-03,4.499465151792602e-06,9656.717773,13691,5843
2020-06-04,3.7790438732677534e-06,9800.636719,13804,6027
2020-06-05,-4.589980134565978e-07,9665.533203,13144,5598
2020-06-06,1.2698443178139932e-06,9653.679688,10944,4652
2020-06-07,-1.7849836307323438e-06,9758.852539,11281,4589
2020-06-08,-2.3215441423010863e-06,9771.489258,12638,5370
2020-06-09,1.6407427803256547e-06,9795.700195,13657,5624
2020-06-10,-1.0114026194313586e-05,9870.094727,14523,6422
2020-06-11,1.2805531530671002e-07,9321.78125,14421,6193
2020-06-12,-1.2835217565922397e-07,9480.84375,12848,5602
2020-06-13,-1.3190943132364884e-06,9475.277344,10922,4489
2020-06-14,1.195161388997674e-05,9386.788086,10903,4444
2020-06-15,1.8965129424842022e-07,9450.702148,13169,5910
2020-06-16,-2.209384056019424e-06,9538.024414,12894,5850
2020-06-17,6.817417862636544e-07,9480.254883,12433,5320
2020-06-18,-2.309321857929439e-06,9411.84082,12618,5403
2020-06-19,2.1416453341335971e-07,9288.018555,11999,5250
2020-06-20,-1.2263264564264538e-06,9332.34082,10583,4248
2020-06-21,4.062793336351775e-07,9303.629883,10348,3956
2020-06-22,-1.96320640757298e-05,9648.717773,13157,5627
2020-06-23,2.7578740680988904e-07,9629.658203,13429,5585
2020-06-24,1.944282397460548e-07,9313.610352,12846,5511
2020-06-25,9.810747578270424e-07,9264.813477,12920,5274
2020-06-26,2.7353472347762417e-07,9162.917969,12257,5180
2020-06-27,1.8194479077423805e-07,9045.390625,10641,4165
2020-06-28,8.885525287622752e-07,9143.582031,11068,3935
2020-06-29,1.9836889154057997e-07,9190.854492,13313,5135
2020-06-30,-2.305398884267869e-06,9137.993164,14679,5296
2020-07-01,5.212795034775843e-08,9228.325195,14927,5274
2020-07-02,-3.1232654203326107e-07,9123.410156,14797,5699
2020-07-03,7.858510950599179e-07,9087.303711,13507,4678
2020-07-04,6.023915351835727e-07,9132.488281,10965,3733
2020-07-05,7.679197480147717e-06,9073.942383,11010,3833
2020-07-06,4.257825333566278e-06,9375.474609,14561,5466
2020-07-07,3.1746282925413135e-07,9252.277344,13347,5196
2020-07-08,7.964167783835885e-07,9428.333008,14100,5386
2020-07-09,5.676253941526921e-07,9277.967773,13654,5247
2020-07-10,1.2771929798658564e-06,9278.807617,13364,5271
2020-07-11,-1.8615551805005643e-05,9240.34668,11292,4131
2020-07-12,-5.771462251957644e-07,9276.5,11255,3994
2020-07-13,-2.1098497470749677e-05,9243.614258,121,1070
2020-07-14,1.142713568628633e-06,9243.213867,14221,5259
2020-07-15,-3.146165354313572e-06,9192.836914,34836,8195
2020-07-16,-1.4625706765017043e-06,9132.227539,31162,7837
2020-07-17,-1.335303271580068e-06,9151.392578,16171,5134
2020-07-18,4.035332702604783e-06,9159.040039,12666,4079
2020-07-19,-7.134180361121221e-06,9185.817383,11855,3945
2020-07-20,9.886975165423525e-07,9164.231445,13341,5105
2020-07-21,6.337011057268397e-06,9374.887695,13799,5171
2020-07-22,1.5402846692514323e-06,9525.363281,13868,5286
2020-07-23,1.2151875235219292e-06,9581.072266,14789,5801
2020-07-24,-1.2847796205322984e-05,9536.892578,14449,5385
2020-07-25,4.382986211782825e-07,9677.113281,13556,4632
2020-07-26,1.7059988755925464e-06,9905.166992,13616,5006
2020-07-27,2.240351807228769e-06,10990.873047,23112,8354
2020-07-28,4.24540547842638e-07,10912.823242,19554,7306
2020-07-29,7.820508602981216e-06,11100.467773,15611,5850
2020-07-30,-1.2252418396772274e-06,11111.213867,14712,5716
2020-07-31,-5.7921553488510144e-06,11323.466797,15734,5927
2020-08-01,-3.4026700514640092e-06,11759.592773,15426,5779
2020-08-02,3.418960185605293e-06,11053.614258,16768,5836
2020-08-03,-2.8386708683543455e-06,11246.348633,14221,5580
2020-08-04,-2.1603948895769998e-06,11205.892578,14186,5472
2020-08-05,4.2027226395555777e-07,11747.022461,15238,5879
2020-08-06,-8.543717338416708e-07,11779.773438,15436,5986
2020-08-07,5.16957522146551e-07,11601.472656,15433,5434
2020-08-08,1.0034680955303178e-06,11754.045898,12770,4366
2020-08-09,1.743856292057025e-07,11675.739258,13088,4103
2020-08-10,1.274141910623202e-06,11878.111328,16777,5942
2020-08-11,3.0237983295846877e-07,11410.525391,16856,6038
2020-08-12,1.0543184964736547e-06,11584.93457,15879,5613
2020-08-13,-6.141827023416634e-06,11784.137695,14832,5492
2020-08-14,4.437865899575273e-06,11768.871094,14755,5141
2020-08-15,7.298822444891739e-07,11865.698242,13397,4718
2020-08-16,4.3119848083087065e-07,11892.803711,12530,4226
2020-08-17,4.80875275370284e-07,12254.402344,17573,6648
2020-08-18,4.018477074609353e-06,11991.233398,16205,6024
2020-08-19,6.415291585251981e-06,11758.283203,14694,5626
2020-08-20,-1.8356409094221522e-06,11878.37207,14366,5745
2020-08-21,7.326344110343583e-07,11592.489258,15818,5547
2020-08-22,1.0698941874648598e-06,11681.825195,12588,4230
2020-08-23,-1.3827612671603688e-05,11664.847656,12855,4045
2020-08-24,-3.6868087275796695e-06,11774.595703,14987,5434
2020-08-25,-4.3602201503739174e-06,11366.134766,15136,5450
2020-08-26,1.601018707785858e-05,11488.363281,14038,5089
2020-08-27,-9.411176180847328e-07,11323.397461,15245,5629
2020-08-28,1.1383039655845246e-06,11542.5,15441,5428
2020-08-29,8.718518142013969e-07,11506.865234,12253,4164
2020-08-30,1.2761349568318547e-06,11711.505859,10644,3806
2020-08-31,5.705224923761954e-07,11680.820313,13523,5208
2020-09-01,1.0138889929260057e-06,11970.478516,14402,5590
2020-09-02,9.113548956815056e-06,11414.03418,15168,5230
2020-09-03,-5.295338178244473e-07,10245.296875,15402,5691
2020-09-04,1.2505415689108836e-09,10511.813477,15118,5637
2020-09-05,1.8919600024519802e-06,10169.567383,12410,4527
2020-09-06,1.0467949682182446e-06,10280.351563,10777,3990
2020-09-07,-8.263365347717742e-07,10369.563477,12684,4918
2020-09-08,-3.365013601873357e-06,10131.516602,15484,5586
2020-09-09,3.1047518515810597e-07,10242.347656,15472,5347
2020-09-10,-7.030660919996176e-07,10363.138672,14072,5294
2020-09-11,6.433344324770551e-08,10400.915039,13214,5150
2020-09-12,1.2396869423272214e-06,10442.170898,11161,4043
2020-09-13,-1.4772635371903889e-06,10323.755859,10603,3901
2020-09-14,-1.0333887102854127e-06,10680.837891,13587,5447
2020-09-15,8.260127166250262e-07,10796.951172,14564,5688
2020-09-16,3.159294930026792e-06,10974.905273,14049,5769
2020-09-17,9.020751670416086e-06,10948.990234,13830,5326
2020-09-18,-4.374224139804655e-06,10944.585938,13616,5244
2020-09-19,-2.9597543476375245e-06,11094.34668,11210,4143
2020-09-20,-7.97079750902188e-06,10938.271484,10408,4020
2020-09-21,5.004481865648868e-06,10462.259766,13578,5390
2020-09-22,-1.282583432872321e-05,10538.459961,12958,5029
2020-09-23,-1.0583991892510213e-05,10246.186523,12512,4916
2020-09-24,-3.674924486925205e-07,10760.066406,12595,4949
2020-09-25,1.1089832225233592e-06,10692.716797,11712,4564
2020-09-26,1.791083698130261e-06,10750.723633,10158,3922
2020-09-27,3.378260139273504e-07,10775.269531,11490,3443
2020-09-28,7.505057454022319e-06,10709.652344,12909,4733
2020-09-29,-9.72473118783819e-07,10844.640625,13471,4690
2020-09-30,1.0039600411222034e-06,10784.491211,16704,4736
2020-10-01,8.003881313334373e-07,10619.452148,19126,5029
2020-10-02,-1.2077785866359342e-07,10575.974609,20017,4786
2020-10-03,3.2577718011469343e-07,10549.329102,15011,3830
2020-10-04,-2.376367447121285e-06,10669.583008,11443,3401
2020-10-05,6.994701287626468e-06,10793.339844,13381,4325
2020-10-06,-1.5387332608079527e-05,10604.40625,13388,4190
2020-10-07,4.959838813258734e-07,10668.96875,14425,4008
2020-10-08,4.6051386948279485e-07,10915.685547,20865,5327
2020-10-09,1.7230212749318948e-06,11064.458008,21601,4977
2020-10-10,7.144520421686255e-06,11296.361328,19357,4405
2020-10-11,-1.3832325754609166e-06,11384.181641,13100,3468
2020-10-12,9.11687048782872e-06,11555.363281,16146,4538
2020-10-13,2.324348861236088e-07,11425.899414,15797,4807
2020-10-14,5.3118493768530216e-06,11429.506836,15111,4889
2020-10-15,-8.214159170155939e-07,11495.349609,16245,4218
2020-10-16,-3.0273763404731163e-06,11322.123047,16381,4111
2020-10-17,4.469093913509482e-06,11358.101563,14563,3523
2020-10-18,-1.747128390733233e-06,11483.359375,12005,3131
2020-10-19,7.722600671782448e-06,11742.037109,16181,4769
2020-10-20,8.063891451339331e-07,11916.334961,16033,5739
2020-10-21,5.214993419120799e-06,12823.689453,26974,8985
2020-10-22,9.358942921022669e-07,12965.891602,22085,6617
2020-10-23,1.0444178586601475e-06,12931.539063,16642,5106
2020-10-24,1.2050616174110256e-06,13108.0625,13700,4010
2020-10-25,4.812061794479175e-06,13031.173828,14191,3978
2020-10-26,8.222535516393022e-07,13075.248047,16461,4981
2020-10-27,-1.8746068451503278e-06,13654.21875,19735,6498
2020-10-28,-1.3524713966168667e-05,13271.285156,17618,5896
2020-10-29,-7.403698525389548e-06,13437.882813,17755,5112
2020-10-30,-6.079288826568571e-08,13546.522461,15593,5276
2020-10-31,2.2325920166372672e-06,13780.995117,17161,4883
2020-11-01,-3.1592596763573728e-06,13737.109375,14519,4090
2020-11-02,1.797324313305596e-06,13550.489258,15693,4834
2020-11-03,1.9965776366209253e-07,13950.300781,18604,5349
2020-11-04,-3.5637958536172566e-05,14133.707031,18697,6402
2020-11-05,2.805491170463614e-06,15579.848633,26067,9660
2020-11-06,-2.1022579902405375e-06,15565.880859,22743,8212
2020-11-07,-1.4039935857797972e-05,14833.753906,15666,5527
2020-11-08,1.1206856720551086e-06,15479.567383,13486,4639
2020-11-09,1.979552957989952e-06,15332.31543,17374,6328
2020-11-10,-5.7748460797645965e-06,15290.902344,15989,6112
2020-11-11,4.4275445449443825e-07,15701.339844,17885,6488
2020-11-12,6.125131507172628e-06,16276.34375,21131,7765
2020-11-13,-1.7304518294069763e-06,16317.808594,19597,6469
2020-11-14,-1.2496960052601068e-05,16068.138672,10177,4102
2020-11-15,-2.927354540069977e-06,15955.587891,8078,4113
2020-11-16,1.1791795400210058e-06,16716.111328,15457,6564
2020-11-17,2.8404268998008114e-06,17645.40625,23804,9056
2020-11-18,4.568978079222494e-06,17804.005859,22849,9008
2020-11-19,4.606305569982367e-07,17817.089844,14407,6175
2020-11-20,1.3771591185821125e-07,18621.314453,17540,7243
2020-11-21,4.795527107170901e-06,18642.232422,14959,5777
2020-11-22,4.1001976787304814e-08,18370.001953,11489,4642
2020-11-23,-7.699273270125019e-07,18364.121094,13996,5759
2020-11-24,4.280086717638563e-07,19107.464844,22140,8235
2020-11-25,1.7188578673198942e-06,18732.121094,15945,6568
2020-11-26,-5.450043581505417e-07,17150.623047,18832,7295
2020-11-27,-4.612235284984201e-06,17108.402344,13293,5289
2020-11-28,-3.185056022694338e-06,17717.414063,11180,4245
2020-11-29,9.271952750796558e-07,18177.484375,10980,4307
2020-11-30,1.0874597902940799e-06,19625.835938,22958,8910
2020-12-01,-4.887086332766785e-06,18802.998047,18797,7536
2020-12-02,1.9077037750162476e-06,19201.091797,13774,5746
2020-12-03,3.563429736582397e-06,19445.398438,14373,5908
2020-12-04,5.851438407655909e-06,18699.765625,13943,5317
2020-12-05,-3.242834570004639e-06,19154.230469,11078,4540
2020-12-06,-1.5407477143017625e-05,19345.121094,10726,4244
2020-12-07,-1.2753639840233476e-05,19191.630859,13280,5616
2020-12-08,8.824883528562733e-07,18321.144531,14191,5983
2020-12-09,-1.169239754345158e-05,18553.916016,14599,6120
2020-12-10,-2.348301359699037e-06,18264.992188,13472,5609
2020-12-11,-2.8733085899614483e-06,18058.904297,13011,5525
2020-12-12,-2.7802315905188205e-06,18803.65625,11156,4195
2020-12-13,2.3308433051004815e-06,19142.382813,11624,4470
2020-12-14,-2.213917559778627e-06,19246.644531,13251,5362
2020-12-15,6.559054743408875e-07,19417.076172,14258,5766
2020-12-16,1.8445658800824506e-06,21310.597656,38468,13886
2020-12-17,1.5338432777741998e-06,22805.162109,36761,12935
2020-12-18,3.773999637568877e-06,23137.960938,20578,7096
2020-12-19,-1.6638249576280979e-06,23869.832031,16333,6101
2020-12-20,-1.364321476169032e-06,23477.294922,15330,5712
2020-12-21,-3.2360620973732885e-06,22803.082031,16823,6754
2020-12-22,-6.112957220669451e-06,23783.029297,15029,6004
2020-12-23,1.1244965278791739e-07,23241.345703,14134,5736
2020-12-24,7.4107137809146826e-06,23735.949219,12238,4925
2020-12-25,7.795628497982357e-07,24664.791016,12399,4666
2020-12-26,1.643234317695294e-06,26437.037109,20364,7769
2020-12-27,1.2993218318922546e-06,26272.294922,24942,8960
2020-12-28,-7.282579164951342e-06,27084.808594,19040,6633
2020-12-29,6.5425167543423835e-06,27362.4375,18804,6941
2020-12-30,5.148950626381878e-08,28840.953125,21632,8146
2020-12-31,8.02464211482026e-07,29001.720703,19015,7401
2021-01-01,5.168764989840657e-06,29374.152344,14550,5844
2021-01-02,3.0582912849919143e-06,32127.267578,38560,13536
2021-01-03,6.142856871030376e-07,32782.023438,31550,10351
2021-01-04,2.152586918798401e-06,31971.914063,24809,9456
2021-01-05,-2.1507022248128106e-05,33992.429688,21406,8058
2021-01-06,1.2425005464359518e-06,36824.363281,27854,10269
2021-01-07,2.49259018904105e-06,39371.042969,38951,14330
2021-01-08,7.357566964617734e-07,40797.609375,32400,11411
2021-01-09,-2.940132106506806e-06,40254.546875,23656,7839
2021-01-10,3.3824451033430613e-06,38356.441406,20887,7510
2021-01-11,-1.2134721059578009e-05,35566.65625,36295,12066
2021-01-12,-1.1948069515170233e-05,33922.960938,24332,8480
2021-01-13,-1.1938271328869058e-06,37316.359375,23892,8869
2021-01-14,2.498095354354922e-06,39187.328125,27731,9909
2021-01-15,1.5920938097319255e-06,36825.367188,22547,8282
2021-01-16,-2.6987410958119596e-06,36178.140625,15832,6124
2021-01-17,-3.1899290715307133e-07,35791.277344,14808,5602
2021-01-18,-4.3509701039944743e-07,36630.074219,19307,6748
2021-01-19,1.4457593380413732e-06,36069.804688,20607,7187
2021-01-20,1.4811118059457367e-06,35547.75,18664,6787
2021-01-21,7.717529988677301e-06,30825.699219,23942,8566
2021-01-22,3.647609198415509e-06,33005.761719,23777,8485
2021-01-23,-2.003191009617212e-06,32067.642578,14800,5407
2021-01-24,3.607553907516121e-07,32289.378906,14324,5442
2021-01-25,1.1879859564647678e-06,32366.392578,18644,6815
2021-01-26,-2.274160740548068e-06,32569.849609,17155,6511
2021-01-27,-4.402090195651838e-06,30432.546875,20312,7335
2021-01-28,-2.0714549691691232e-05,33466.097656,26784,8418
2021-01-29,3.823848694795422e-06,34316.386719,42301,11156
2021-01-30,1.3846844832760327e-05,34269.523438,20076,5810
2021-01-31,-2.2049578745554262e-07,33114.359375,17429,5371
2021-02-01,-7.241487246012389e-06,33537.175781,21811,6474
2021-02-02,-6.597327631412785e-06,35510.289063,21003,6535
2021-02-03,7.711613971829889e-06,37472.089844,22606,7195
2021-02-04,1.070054954373915e-05,36926.066406,20503,6515
2021-02-05,-3.98001675866456e-06,38144.308594,26445,8553
2021-02-06,4.9419935481588426e-06,39266.011719,23322,7632
2021-02-07,8.125833598792843e-06,38903.441406,17893,5268
2021-02-08,3.6511017405842486e-06,46196.464844,56247,17449
2021-02-09,1.6832781456523328e-06,46481.105469,40583,13778
2021-02-10,1.4905560635817112e-06,44918.183594,32922,9915
2021-02-11,1.4004121600303247e-06,47909.332031,29398,10669
2021-02-12,2.1692240535092627e-06,47504.851563,27926,10438
2021-02-13,9.167209718298944e-07,47105.515625,21345,7013
2021-02-14,3.873171047860978e-06,48717.289063,24643,7504
2021-02-15,-6.524432293108467e-07,47945.058594,23209,7736
2021-02-16,2.5051362500042614e-06,49199.871094,32725,12031
2021-02-17,2.6841088078985844e-06,52149.007813,35053,12777
2021-02-18,3.913487701483839e-06,51679.796875,25938,8838
2021-02-19,-4.480996167983305e-06,55888.132813,38287,13666
2021-02-20,1.583460487146222e-07,56099.519531,30250,9104
2021-02-21,1.6601037326865841e-06,57539.945313,24808,7465
2021-02-22,-1.0961920236451458e-07,54207.320313,30906,9839
2021-02-23,3.628052408540214e-07,48824.425781,36385,11726
2021-02-24,3.4326847137062723e-06,49705.332031,31251,9543
2021-02-25,7.256891795999742e-07,47093.851563,25737,8082
2021-02-26,-1.5614237181060105e-06,46339.761719,24179,7851
2021-02-27,4.0884526016487896e-07,46188.453125,19359,5914
2021-02-28,5.813969615207391e-07,45137.769531,21835,6511
2021-03-01,2.7463008349909537e-06,49631.242188,26088,8862
2021-03-02,5.875075117815165e-05,48378.988281,22592,7521
2021-03-03,-1.889019745001434e-06,50538.242188,22266,7581
2021-03-04,7.372995300560694e-07,48561.167969,20532,6664
2021-03-05,4.369193854053716e-07,48927.304688,20504,6978
2021-03-06,1.0717702514223343e-05,48912.382813,16862,5002
2021-03-07,1.3162881627539544e-06,51206.691406,17109,5168
2021-03-08,-1.3926925210122552e-06,52246.523438,23649,6775
2021-03-09,7.024429994908909e-07,54824.117188,24702,8219
2021-03-10,1.9045172068320594e-06,56008.550781,25913,8304
2021-03-11,4.641870354972042e-06,57805.121094,26686,7783
2021-03-12,1.404703862262355e-05,57332.089844,24602,7792
2021-03-13,1.4168517169095485e-06,61243.085938,33898,10789
2021-03-14,9.187308076201567e-07,59302.316406,21937,6802
2021-03-15,1.5262217303502118e-05,55907.199219,25135,8651
2021-03-16,5.846619776776057e-07,56804.902344,24090,8030
2021-03-17,5.3246760465982125e-06,58870.894531,26793,8882
2021-03-18,1.0182225196851488e-06,57858.921875,29549,7747
2021-03-19,1.912707333617006e-06,58346.652344,28948,6715
2021-03-20,6.886586228610076e-06,58313.644531,21687,5372
2021-03-21,4.165987983788404e-06,57523.421875,19384,5875
2021-03-22,1.3789560452953193e-06,54529.144531,23445,7801
2021-03-23,9.15097727038167e-09,54738.945313,22148,6933
2021-03-24,2.994885623993605e-06,52774.265625,39500,9900
2021-03-25,8.638225722938517e-08,51704.160156,38887,8283
2021-03-26,6.231715359808212e-06,55137.3125,27258,6639
2021-03-27,5.3666264757346e-06,55973.511719,25724,5266
2021-03-28,1.435231564700574e-06,55950.746094,20663,4779
2021-03-29,9.423494174936277e-07,57750.199219,28006,6927
2021-03-30,1.2456802677637503e-05,58917.691406,34978,7589
2021-03-31,1.0891881910335265e-06,58918.832031,40335,7705
2021-04-01,4.392036398131286e-06,59095.808594,32710,7099
2021-04-02,2.786933674585165e-06,59384.3125,22312,6536
2021-04-03,7.129346870642989e-07,57603.890625,18092,5196
2021-04-04,-7.827492355184599e-07,58758.554688,16249,4638
2021-04-05,1.2702477491209887e-06,59057.878906,21441,6776
2021-04-06,9.060155332933021e-07,58192.359375,21085,7162
2021-04-07,3.744882409660452e-06,56048.9375,22016,7378
2021-04-08,-1.0329483464590403e-06,58323.953125,21115,7425
2021-04-09,8.368366611011382e-09,58245.003906,19852,6739
2021-04-10,6.183950309228292e-06,59793.234375,21275,6688
2021-04-11,-3.445195789523251e-06,60204.964844,17717,5545
2021-04-12,1.4006112452460646e-06,59893.453125,21659,7469
2021-04-13,3.105692846977434e-06,63503.457031,30553,10575
2021-04-14,1.4286298655883482e-06,63109.695313,29010,10103
2021-04-15,2.8907844187825262e-06,63314.011719,23240,8035
2021-04-16,1.0611539381314429e-06,61572.789063,25972,8440
2021-04-17,1.4711645333499955e-06,60683.820313,16981,5393
2021-04-18,1.38574990585605e-06,56216.183594,29253,8625
2021-04-19,1.5872835980874757e-06,55724.265625,23877,7994
2021-04-20,5.8866150456058995e-06,56473.03125,23649,7803
2021-04-21,1.958412698929419e-06,53906.089844,21606,7172
2021-04-22,-1.5328223107005894e-07,51762.273438,25624,8393
2021-04-23,4.0369878356734217e-07,51093.652344,33965,10739
2021-04-24,-2.7188349969283077e-07,50050.867188,19348,6093
2021-04-25,1.3072008149267825e-06,49004.253906,18320,5665
2021-04-26,2.7558034075745735e-06,54021.753906,26068,8834
2021-04-27,8.692792906488391e-06,55033.117188,25423,8023
2021-04-28,6.960880824290802e-07,54824.703125,23321,7494
2021-04-29,9.073512594639356e-07,53555.109375,21353,6864
2021-04-30,-3.118339589156847e-06,57750.175781,22555,6801
2021-05-01,4.276878943867294e-08,57828.050781,20087,5604
2021-05-02,1.2779318929743307e-06,56631.078125,18501,5199
2021-05-03,-7.573992489689288e-07,57200.292969,22693,7255
2021-05-04,2.8722531275713935e-07,53333.539063,23338,7461
2021-05-05,3.153875210198677e-06,57424.007813,24641,7738
2021-05-06,3.101339707488412e-06,56396.515625,23267,7577
2021-05-07,2.3053256484102914e-06,57356.402344,22788,7270
2021-05-08,3.375504009640583e-06,58803.777344,18780,5908
2021-05-09,1.3545355820561695e-05,58232.316406,17801,5326
2021-05-10,9.940826900395738e-07,55859.796875,23086,7265
2021-05-11,1.428513974863984e-06,56704.574219,20691,6689
2021-05-12,2.5385385142463037e-06,49150.535156,27851,9286
2021-05-13,6.399473893981012e-08,49716.191406,55648,14981
2021-05-14,3.954381079198952e-06,49880.535156,28997,8932
2021-05-15,6.089605410364114e-07,46760.1875,22705,6934
2021-05-16,1.4930759443237264e-06,46456.058594,32838,8810
2021-05-17,7.752750962779366e-08,43537.511719,43814,12366
2021-05-18,2.797616873711668e-06,42909.402344,32089,9376
2021-05-19,5.327343751682218e-06,37002.441406,81483,13403
2021-05-20,1.7024071956577593e-05,40782.738281,43539,12506
2021-05-21,1.0788339633142417e-05,37304.691406,42045,11788
2021-05-22,-1.6049128940053152e-06,37536.632813,32380,8587
2021-05-23,-1.339555517959274e-06,34770.582031,34594,9375
2021-05-24,6.06156959508255e-06,38705.980469,35495,11030
2021-05-25,3.451326247763651e-06,38402.222656,29181,9085
2021-05-26,7.609038990309067e-07,39294.199219,26970,8778
2021-05-27,9.354142720679663e-06,38436.96875,23558,7296
2021-05-28,1.2439699863362772e-06,35697.605469,27332,8418
2021-05-29,1.0801854637231825e-06,34616.066406,22120,6774
2021-05-30,1.4793440045881402e-06,35678.128906,20196,5935
2021-05-31,1.8377096219721576e-05,37332.855469,21882,6803
2021-06-01,1.4907234130581508e-05,36684.925781,22803,7131
2021-06-02,5.213966113015806e-06,37575.179688,21688,6831
2021-06-03,4.09126806929045e-06,39208.765625,22117,6911
2021-06-04,-8.476959886039923e-07,36894.40625,32893,8952
2021-06-05,4.6410311543785495e-06,35551.957031,29436,8073
2021-06-06,1.0594736378685357e-06,35862.378906,29992,8480
2021-06-07,8.51905492640528e-06,33560.707031,37078,11264
2021-06-08,2.440991138794618e-07,33472.632813,40342,13111
2021-06-09,6.566213671199123e-06,37345.121094,50726,15402
2021-06-10,8.22859444576102e-07,36702.597656,43855,11728
2021-06-11,5.547459439402321e-06,37334.398438,31287,9526
2021-06-12,2.9247837976077156e-06,35552.515625,22520,7186
2021-06-13,5.234475273097814e-06,39097.859375,25221,8526
2021-06-14,3.434331205469319e-08,40218.476563,37109,13034
2021-06-15,9.42362857320537e-07,40406.269531,29208,10525
2021-06-16,-3.4834410601477154e-07,38347.0625,25456,9066
2021-06-17,7.296780917153685e-06,38053.503906,25575,8759
2021-06-18,1.278270609990557e-05,35787.246094,25481,7915
2021-06-19,-8.0144745440401e-08,35615.871094,21031,6157
2021-06-20,1.3920246947094358e-06,35698.296875,20960,5968
2021-06-21,1.3811186316637898e-06,31676.693359,32326,10767
2021-06-22,-5.364119530015985e-08,32505.660156,38966,13273
2021-06-23,1.4460556658334354e-05,33723.027344,29722,9475
2021-06-24,2.226270121708596e-06,34662.4375,25665,8505
2021-06-25,2.212248081456263e-06,31637.779297,26926,9056
2021-06-26,5.814819709213864e-07,32186.277344,20921,6801
2021-06-27,1.2949421840899397e-06,34649.644531,19611,6263
2021-06-28,2.0772723815343817e-06,34434.335938,25109,8455
2021-06-29,4.600972528145482e-07,35867.777344,26199,8511
2021-06-30,7.1833415225314555e-06,35040.835938,22375,7468
2021-07-01,1.1103902493477054e-06,33572.117188,22102,7469
2021-07-02,-2.538738076967453e-05,33897.046875,21602,7056
2021-07-03,6.015104946461402e-07,34668.546875,19196,5637
2021-07-04,3.99589096744665e-06,35287.78125,16838,5116
2021-07-05,3.2372912968588936e-06,33746.003906,19373,6280
2021-07-06,-3.101550852927095e-06,34235.195313,21330,6931
2021-07-07,2.3988065385391808e-05,33855.328125,20501,6761
2021-07-08,1.2183621504041493e-05,32877.371094,21799,6915
2021-07-09,1.494693166720286e-06,33798.011719,21484,7138
2021-07-10,1.2969997354788964e-06,33520.519531,17566,5484
2021-07-11,1.2042848371163086e-06,34240.1875,16575,5075
2021-07-12,-1.862275415436876e-06,33155.847656,25872,6806
2021-07-13,3.1806776727094883e-07,32702.025391,26512,7347
2021-07-14,-1.1182464080480451e-05,32822.347656,22737,7640
2021-07-15,1.849377499249888e-06,31780.730469,21404,7450
2021-07-16,7.65779793593307e-07,31421.539063,20907,7171
2021-07-17,7.586149095221663e-07,31533.068359,16761,5515
2021-07-18,1.8594300203881429e-06,31796.810547,19609,5245
2021-07-19,2.009561119592746e-07,30817.832031,21291,7121
2021-07-20,3.6598992093074474e-06,29807.347656,26357,9017
2021-07-21,2.4485688601617772e-06,32110.693359,30589,9525
2021-07-22,7.481984805946902e-07,32313.105469,23950,7641
2021-07-23,1.2280763454472376e-06,33581.550781,20843,6825
2021-07-24,1.520521044127608e-06,34292.445313,18529,5816
2021-07-25,1.7436977614260338e-06,35350.1875,18189,5771
2021-07-26,1.8448186965920197e-06,37337.535156,38050,13053
2021-07-27,1.4779566776155217e-07,39406.941406,23883,8323
2021-07-28,9.479083366466037e-07,39995.90625,25161,8634
2021-07-29,2.5137237029613468e-06,40008.421875,21679,7259
2021-07-30,1.119346686759151e-06,42235.546875,22157,7510
2021-07-31,1.0123261104558728e-06,41626.195313,19046,6100
2021-08-01,1.3901776761160115e-06,39974.894531,18036,5981
2021-08-02,1.1808189767486253e-05,39201.945313,22645,7542
2021-08-03,8.444545666548429e-06,38152.980469,21758,7523
2021-08-04,-4.960690765508912e-07,39747.503906,21426,7432
2021-08-05,1.7283862593305676e-05,40869.554688,22481,7955
2021-08-06,3.084126060497718e-06,42816.5,23296,7857
2021-08-07,1.553639925106631e-07,44555.800781,20381,6511
2021-08-08,1.2816401630811045e-06,43798.117188,19781,6251
2021-08-09,1.0311638612480388e-05,46365.402344,26875,9231
2021-08-10,-1.3302016556603843e-06,45585.03125,24673,8283
2021-08-11,4.073906160357658e-06,45593.636719,22408,7707
2021-08-12,1.0864682635713567e-05,44428.289063,21474,7165
2021-08-13,3.4978806973313006e-06,47793.320313,23059,7373
2021-08-14,6.744749171914907e-06,47096.945313,18841,5694
2021-08-15,-4.753757285562479e-06,47047.003906,17741,5417
2021-08-16,3.3853432677171463e-06,46004.484375,20277,6806
2021-08-17,7.994824010226877e-08,44695.359375,20631,6613
2021-08-18,-3.7856806026344677e-06,44801.1875,21605,6981
2021-08-19,-2.1155934064405524e-05,46717.578125,21879,7466
2021-08-20,3.6195540940200533e-06,49339.175781,23905,8245
2021-08-21,9.730272038063745e-07,48905.492188,18060,5995
2021-08-22,1.6427807813804957e-05,49321.652344,16486,5313
2021-08-23,2.4252344316798843e-06,49546.148438,28644,10384
2021-08-24,8.301954326622537e-06,47706.117188,22872,8143
2021-08-25,3.6099444500642555e-06,48960.789063,21171,7397
2021-08-26,1.3879844514495554e-06,46942.21875,20639,7057
2021-08-27,5.660258470066123e-06,49058.667969,21216,7247
2021-08-28,3.111370073869571e-07,48902.402344,16994,5245
2021-08-29,1.1123294872255236e-07,48829.832031,16883,5165
2021-08-30,5.668981781084997e-07,47054.984375,19248,6491
2021-08-31,-2.908296012647026e-06,47166.6875,19623,6725
2021-09-01,7.915973648356623e-07,48847.027344,21696,7418
2021-09-02,1.381939832407832e-06,49327.722656,23036,7751
2021-09-03,3.7333386005227703e-06,50025.375,22143,7499
2021-09-04,1.23253895249738e-06,49944.625,17472,5502
2021-09-05,2.1981569284253313e-06,51753.410156,18890,5936
2021-09-06,8.77766798832763e-06,52633.535156,23389,7784
2021-09-07,9.539478338210981e-07,46811.128906,40770,14225
2021-09-08,6.104777185283772e-07,46091.390625,29575,10277
2021-09-09,-1.88905954005023e-06,46391.421875,24364,8260
2021-09-10,2.0457865148535402e-06,44883.910156,22552,7529
2021-09-11,-1.3788882325232236e-06,45201.457031,18088,5690
2021-09-12,3.5266099143342977e-06,46063.269531,17245,5399
2021-09-13,1.0278925921644748e-05,44963.074219,24518,8088
2021-09-14,1.125510373771022e-05,47092.492188,23375,8300
2021-09-15,1.4531011766047082e-05,48176.347656,22898,8461
2021-09-16,3.388182932739994e-07,47783.359375,22227,7490
2021-09-17,-5.254783778607925e-07,47267.519531,21008,6788
2021-09-18,1.1206752117331876e-06,48278.363281,18124,5375
2021-09-19,-2.195333943151486e-07,47260.21875,16251,4945
2021-09-20,2.1696796093174364e-05,42843.800781,26859,8624
2021-09-21,5.010473225166792e-07,40693.675781,25950,8547
2021-09-22,1.5422004175551744e-06,43574.507813,24574,7990
2021-09-23,3.6018866195076853e-06,44895.097656,24703,7758
2021-09-24,-1.9782007924672376e-06,42839.75,34318,11225
2021-09-25,-3.974632306765297e-07,42716.59375,20636,5906
2021-09-26,8.797416225857844e-06,43208.539063,19248,5704
2021-09-27,1.367846111605323e-06,42235.730469,22956,7416
2021-09-28,-2.9868107895631617e-05,41034.542969,23169,7421
2021-09-29,1.3812307248011729e-05,41564.363281,22172,7202
2021-09-30,-3.87060396178135e-07,43790.894531,22774,7631
2021-10-01,1.2535651530707745e-06,48116.941406,28339,9467
2021-10-02,3.002733066587119e-07,47711.488281,18661,5693
2021-10-03,-2.515806642894753e-06,48199.953125,18517,5590
2021-10-04,-7.09953632516504e-06,49112.902344,26702,8911
2021-10-05,-2.763296169494906e-06,51514.8125,29281,10157
2021-10-06,2.637098299759281e-06,55361.449219,34326,11445
2021-10-07,3.411031518427912e-06,53805.984375,25568,8686
2021-10-08,1.0900710985115826e-06,53967.847656,23129,7993
2021-10-09,7.0227608656883605e-06,54968.222656,18996,5843
2021-10-10,1.353203731602721e-06,54771.578125,18833,5910
2021-10-11,7.197087738589175e-06,57484.789063,27645,9373
2021-10-12,2.8239231646006327e-06,56041.058594,26118,9059
2021-10-13,6.81822490863707e-07,57401.097656,26942,9884
2021-10-14,6.918592353273224e-06,57321.523438,27678,10112
2021-10-15,2.2693244237493444e-06,61593.949219,43568,15350
2021-10-16,1.001336898237944e-06,60892.179688,24882,7765
2021-10-17,7.816771351309022e-06,61553.617188,23646,6921
2021-10-18,1.0651121560866568e-06,62026.078125,29843,10414
2021-10-19,4.18109751361122e-06,64261.992188,37924,13289
2021-10-20,1.5825144202062859e-06,65992.835938,51376,16103
2021-10-21,-4.597642638275818e-07,62210.171875,32514,11300
2021-10-22,2.2227531426871616e-06,60692.265625,27659,9435
2021-10-23,1.2335236528233468e-05,61393.617188,21515,6756
2021-10-24,1.9723903752441584e-06,60930.835938,20842,5881
2021-10-25,4.692879853934164e-06,63039.824219,25726,8297
2021-10-26,1.2296999556042905e-06,60363.792969,26633,8659
2021-10-27,5.756085399412991e-06,58482.386719,26888,8757
2021-10-28,-1.2161102656168862e-06,60622.136719,26025,8350
2021-10-29,7.690709620499568e-06,62227.964844,22743,7424
2021-10-30,6.294851577110058e-06,61888.832031,18484,5452
2021-10-31,1.4216274133124922e-06,61318.957031,20178,5871
2021-11-01,6.1377471946037714e-06,61004.40625,24344,7741
2021-11-02,1.8949376056247454e-06,63226.402344,25696,8359
2021-11-03,5.421533372224968e-06,62970.046875,24497,7806
2021-11-04,-9.581088241972717e-07,61452.230469,23687,7707
2021-11-05,1.7986939391047782e-06,61125.675781,24515,8044
2021-11-06,-6.762494845526882e-06,61527.480469,19181,5481
2021-11-07,1.323111795329803e-06,63326.988281,18410,5477
2021-11-08,2.479400678272251e-06,67566.828125,31364,10477
2021-11-09,1.1904781385830346e-06,66971.828125,31788,10623
2021-11-10,5.19075134624887e-06,64995.230469,30992,10366
2021-11-11,1.4055605706924217e-06,64949.960938,24701,7869
2021-11-12,-9.725586966890345e-07,64155.941406,25293,8571
2021-11-13,2.320705569662047e-06,64469.527344,20855,6347
2021-11-14,5.865542120106544e-06,65466.839844,21750,6750
2021-11-15,3.0374303957704906e-06,63557.871094,24927,8124
2021-11-16,2.1218907632723597e-06,60161.246094,30707,10028
2021-11-17,3.318271134121445e-08,60368.011719,26991,8710
2021-11-18,3.5501483736189945e-06,56942.136719,28403,8709
2021-11-19,1.3266731947637301e-06,58119.578125,27278,8313
2021-11-20,5.079878314780322e-06,59697.195313,20788,6212
2021-11-21,2.4859493740419573e-06,58730.476563,21414,6505
2021-11-22,3.0697004402786407e-06,56289.289063,26553,8677
2021-11-23,9.24845895912872e-06,57569.074219,25757,8222
2021-11-24,2.9504003462580134e-06,56280.425781,24066,7838
2021-11-25,-2.4633782595566036e-06,57274.679688,22921,6908
2021-11-26,4.781174888621541e-07,53569.765625,26869,8721
2021-11-27,1.237204947270217e-06,54815.078125,20276,5863
2021-11-28,7.332412112292876e-07,57248.457031,19578,5951
2021-11-29,4.9264016414088004e-06,57806.566406,25254,8431
2021-11-30,1.2947326119945767e-06,57005.425781,23182,7715
2021-12-01,1.1438968983144387e-06,57229.828125,24106,8076
2021-12-02,1.99668491945148e-06,56477.816406,23154,7610
2021-12-03,8.38942289282863e-06,53598.246094,25366,8056
2021-12-04,4.207855287597761e-07,49200.703125,37513,10772
2021-12-05,9.330748676244701e-07,49368.847656,21649,6569
2021-12-06,7.262782346149982e-07,50582.625,28562,9444
2021-12-07,6.206470230229399e-06,50700.085938,24188,8138
2021-12-08,4.958473956794403e-06,50504.796875,21886,7237
2021-12-09,3.4023675874782514e-06,47672.121094,22462,7350
2021-12-10,7.02264618268137e-07,47243.304688,23442,7669
2021-12-11,5.320596096486956e-06,49362.507813,17480,5609
2021-12-12,1.6360571310076067e-06,50098.335938,17759,5513
2021-12-13,-1.3790209600917748e-06,46737.480469,25915,8046
2021-12-14,-1.0493937958988794e-07,46612.632813,25909,8061
2021-12-15,1.8325882199856774e-06,48896.722656,24920,7951
2021-12-16,5.237076670442777e-07,47665.425781,22297,7134
2021-12-17,-8.693819580970592e-07,46202.144531,21397,7330
2021-12-18,7.052989055164213e-07,46848.777344,16749,5737
2021-12-19,7.111536874999017e-07,46707.015625,16323,5437
2021-12-20,1.466488270955319e-06,46880.277344,21663,7494
2021-12-21,1.496205668475468e-06,48936.613281,24348,7960
2021-12-22,-1.270922440205298e-06,48628.511719,20937,7022
2021-12-23,4.837416532315787e-06,50784.539063,22188,7311
2021-12-24,9.120907131818805e-07,50822.195313,19113,6268
2021-12-25,3.3154120723012334e-07,50429.859375,14398,4784
2021-12-26,1.557700503484488e-08,50809.515625,14217,4978
2021-12-27,7.599460985431226e-07,50640.417969,18683,6586
2021-12-28,-2.585206012712769e-07,47588.855469,21212,7635
2021-12-29,5.620160175812675e-06,46444.710938,21238,7458
2021-12-30,1.4948082436184258e-06,47178.125,20907,7286
2021-12-31,-4.351297718097865e-07,46306.445313,20056,7031
2022-01-01,-5.863955145680412e-07,47686.8125,16386,5614
2022-01-02,3.360005065741212e-07,47345.21875,17105,5780
2022-01-03,1.1997453113313939e-06,46458.117188,25643,8270
2022-01-04,4.279306683478668e-07,45897.574219,22929,7627
2022-01-05,6.234129299169589e-07,43569.003906,27363,9227
2022-01-06,-1.2436989397048622e-06,43160.929688,31141,9817
2022-01-07,2.8707887225814873e-07,41557.902344,30635,9994
2022-01-08,-7.076473584299986e-06,41733.941406,21959,7005
2022-01-09,8.810160169910072e-09,41911.601563,19124,6001
2022-01-10,-3.777794616832799e-07,41821.261719,27514,9106
2022-01-11,1.8747321109883583e-06,42735.855469,25032,8184
2022-01-12,-7.217412774349903e-07,43949.101563,26323,8722
2022-01-13,1.1114209650623867e-06,42591.570313,24049,7868
2022-01-14,-4.4965440238255755e-07,43099.699219,22636,7721
2022-01-15,-4.537771510165111e-06,43177.398438,17949,5883
2022-01-16,-1.0819189190920134e-08,43113.878906,17428,5864
2022-01-17,-1.3610375797238903e-06,42250.550781,21928,7277
2022-01-18,1.1394938997427465e-06,42375.632813,23123,7702
2022-01-19,-6.498257661641129e-07,41744.328125,23745,7957
2022-01-20,-2.6331440644426353e-07,40680.417969,26787,8433
2022-01-21,-5.5121327496293804e-06,36457.316406,40976,12226
2022-01-22,1.1836446364264339e-05,35030.25,36042,9830
2022-01-23,7.677208646161415e-07,36276.804688,24430,6983
2022-01-24,-1.8745469952253194e-06,36654.328125,35083,10930
2022-01-25,-9.982075855772048e-08,36954.003906,28053,9004
2022-01-26,1.6247987756241775e-06,36852.121094,27445,9252
2022-01-27,-8.64496031815936e-07,37138.234375,24857,8089
2022-01-28,2.510247990005296e-06,37784.332031,23887,8141
2022-01-29,2.93411387689393e-06,38138.179688,19831,6452
2022-01-30,9.168271920057826e-07,37917.601563,18144,5905
2022-01-31,1.293610160215914e-06,38483.125,22919,7877
2022-02-01,9.702661645506946e-06,38743.273438,26114,9106
2022-02-02,8.304512057426448e-06,36952.984375,24685,8264
2022-02-03,1.081206894246957e-06,37154.601563,22658,7638
2022-02-04,-5.576852454133304e-06,41500.875,27568,9089
2022-02-05,7.249493906537248e-07,41441.164063,23830,7113
2022-02-06,1.0897273448139409e-06,42412.433594,20092,5974
2022-02-07,-3.7166571655042034e-06,43840.285156,29436,9821
2022-02-08,7.550532710188939e-07,44118.445313,29362,9887
2022-02-09,-3.4812315414227865e-06,44338.796875,30905,10147
2022-02-10,-1.3388239650853892e-06,43565.113281,28685,9467
2022-02-11,-8.050423026494379e-07,42407.9375,24945,8161
2022-02-12,7.74436494049363e-07,42244.46875,20424,6572
2022-02-13,1.25633627231344e-06,42197.515625,18863,5611
2022-02-14,-6.109937201865114e-06,42586.917969,26764,7812
2022-02-15,-1.163237038726106e-06,44575.203125,27896,8978
2022-02-16,-2.934631395049074e-06,43961.859375,24112,7975
2022-02-17,1.2266106402957294e-06,40538.011719,28247,9267
2022-02-18,5.944598305510078e-08,40030.976563,26423,8538
2022-02-19,-6.196169008030236e-06,40122.15625,19575,6036
2022-02-20,4.7292498005975753e-07,38431.378906,20414,6089
2022-02-21,7.266682206187077e-07,37075.28125,24294,7945
2022-02-22,-1.352396976139431e-06,38286.027344,26060,8624
2022-02-23,-5.890177734559475e-06,37296.570313,24217,8201
2022-02-24,1.6871615307185707e-07,38332.609375,32573,10926
2022-02-25,-2.8362073355030275e-06,39214.21875,24313,8509
2022-02-26,1.236186163584338e-05,39105.148438,19118,6269
2022-02-27,-4.098957487159107e-06,37709.785156,18163,6082
2022-02-28,-5.225712428528448e-06,43193.234375,27939,9579
2022-03-01,2.6337404120499376e-06,44354.636719,29025,10124
2022-03-02,-1.423518589011547e-06,43924.117188,24107,8000
2022-03-03,4.4938296409203534e-07,42451.789063,23186,7859
2022-03-04,1.5136260105753692e-07,39137.605469,23257,7731
2022-03-05,-3.6089134875228453e-06,39400.585938,17748,5647
2022-03-06,3.8913208653298705e-07,38419.984375,16564,5335
2022-03-07,-2.7662649289267006e-06,38062.039063,21822,7543
2022-03-08,-1.1315354703114894e-06,38737.269531,21620,7345
2022-03-09,2.1341854234037603e-06,41982.925781,26710,9014
2022-03-10,7.707954181979054e-06,39437.460938,23801,8134
2022-03-11,-2.4892680750728033e-06,38794.972656,22652,7782
2022-03-12,-8.996343198099096e-07,38904.011719,18485,5963
2022-03-13,5.625424807182016e-07,37849.664063,17164,5733
2022-03-14,2.2531940567816428e-06,39666.753906,24329,8297
2022-03-15,2.2052138415238484e-07,39338.785156,25315,7640
2022-03-16,5.097695765885874e-06,41143.929688,26526,8333
2022-03-17,-1.2595069255523323e-07,40951.378906,20918,7164
2022-03-18,2.0918866141164744e-06,41801.15625,21152,7048
2022-03-19,-2.6306471849961797e-06,42190.652344,17440,5764
2022-03-20,-3.918365918402146e-06,41247.824219,16692,5443
2022-03-21,-6.823363630875368e-07,41077.996094,3350,1560
2022-03-22,-8.614353264342753e-07,42358.808594,579,1072
2022-03-23,4.7126258433096445e-09,42892.957031,23262,8975
2022-03-24,2.1030562130785717e-06,43960.933594,27815,10753
2022-03-25,1.2532394987803975e-06,44348.730469,26913,10406
2022-03-26,1.6706251872133588e-06,44500.828125,19867,7572
2022-03-27,8.024038749864755e-06,46820.492188,12531,4473
2022-03-28,-2.2645254417750977e-07,47128.003906,28722,10475
2022-03-29,4.0335236348343687e-07,47465.730469,27130,9787
2022-03-30,-6.439509006271408e-07,47062.664063,28393,9803
2022-03-31,7.945505696676006e-06,45538.675781,26965,9667
2022-04-01,5.21008741172327e-07,46281.644531,29807,10337
2022-04-02,9.715562231913277e-07,45868.949219,22070,7662
2022-04-03,3.4484479468560206e-07,46453.566406,21299,7308
2022-04-04,1.7094693891432442e-06,46622.675781,27259,9169
2022-04-05,5.173306848013764e-06,45555.992188,28417,10093
2022-04-06,5.540964497483142e-07,43206.738281,32284,11081
2022-04-07,1.0911175144280198e-06,43503.847656,34609,11445
2022-04-08,1.7149713271650375e-06,42287.664063,34575,11388
2022-04-09,-2.9237405589794293e-06,42782.136719,24100,7807
2022-04-10,9.870156826624439e-07,42207.671875,23031,7467
2022-04-11,-6.0541761333551e-07,39521.902344,31572,10817
2022-04-12,-2.353268453645048e-06,40127.183594,29433,10068
2022-04-13,-7.878091877032822e-07,41166.730469,27938,9203
2022-04-14,-1.9689294225399747e-06,39935.515625,26153,8820
2022-04-15,1.0152977135198333e-06,40553.464844,23461,8113
2022-04-16,9.157534273335215e-07,40424.484375,20972,6878
2022-04-17,9.537573715091653e-06,39716.953125,20267,6625
2022-04-18,7.163955703039103e-07,40826.214844,28310,9530
2022-04-19,1.8274810807066628e-07,41502.75,27740,9007
2022-04-20,8.81162852993839e-08,41374.378906,29366,9560
2022-04-21,1.270034484786917e-06,40527.363281,29695,10088
2022-04-22,1.2554250847940304e-07,39740.320313,28727,9686
2022-04-23,2.4989292319536e-06,39486.730469,22945,7467
2022-04-24,8.272627257914445e-07,39469.292969,20260,5918
2022-04-25,-3.6498099645399855e-06,40458.308594,27587,9068
2022-04-26,2.059330790408045e-06,38117.460938,30258,9838
2022-04-27,-2.0096726430480814e-06,39241.121094,31337,10381
2022-04-28,1.0939181167593048e-06,39773.828125,29575,9998
2022-04-29,4.831518150818776e-07,38609.824219,27052,8973
2022-04-30,3.0463135411827256e-06,37714.875,22114,6558
2022-05-01,1.015803470470961e-06,38469.09375,23106,6610
2022-05-02,1.1124938434837822e-06,38529.328125,24872,7702
2022-05-03,2.1837862997109826e-06,37750.453125,20909,6590
2022-05-04,-9.529240310845994e-07,39698.371094,27731,8755
2022-05-05,3.06639892264471e-07,36575.140625,32312,10322
2022-05-06,9.629979366934702e-07,36040.921875,30291,9820
2022-05-07,2.9706529845980416e-06,35501.953125,22159,6464
2022-05-08,2.869069118417074e-09,34059.265625,25351,7371
2022-05-09,9.613594154579791e-07,30296.953125,43396,14108
2022-05-10,-2.406540256547864e-06,31022.90625,36963,12127
2022-05-11,5.436759851882441e-09,28936.355469,40192,12966
2022-05-12,-5.79037191660032e-06,29047.751953,43769,13895
2022-05-13,-6.3042545580047e-07,29283.103516,32694,10947
2022-05-14,-2.3419513331960993e-06,30101.265625,23107,7215
2022-05-15,-6.834342313575021e-07,31305.113281,19805,6034
2022-05-16,2.85187352609065e-06,29862.917969,29010,9603
2022-05-17,7.11684405043995e-07,30425.857422,25445,8454
2022-05-18,-1.0831812407990521e-06,28720.271484,24958,7969
2022-05-19,6.779050734275547e-08,30314.333984,24070,7747
2022-05-20,7.86946931331878e-06,29200.740234,23773,7512
2022-05-21,-1.3745890354013186e-06,29432.226563,19090,5636
2022-05-22,1.2527076960231111e-06,30323.722656,22457,6401
2022-05-23,-6.663000649540056e-07,29098.910156,23865,7427
2022-05-24,-9.243273901828569e-06,29655.585938,23593,7790
2022-05-25,-1.7018705199570328e-07,29562.361328,22691,7725
2022-05-26,6.073681472167334e-06,29267.224609,24453,7836
2022-05-27,2.904855377354606e-07,28627.574219,22960,7535
2022-05-28,-3.2977314870387697e-07,28814.900391,17931,5483
2022-05-29,3.116625263298406e-06,29445.957031,17264,5278
2022-05-30,-9.253668463831403e-07,31726.390625,24610,7854
2022-05-31,5.992897218216969e-07,31792.310547,24670,7834
2022-06-01,-1.655228195190863e-06,29799.080078,23445,7553
2022-06-02,1.3286054570363647e-06,30467.488281,22917,7513
2022-06-03,4.286041262617703e-06,29704.390625,24219,7791
2022-06-04,-3.3775435577978324e-06,29832.914063,17981,5343
2022-06-05,-5.205446035479626e-08,29906.662109,18513,5620
2022-06-06,1.7998755573591569e-06,31370.671875,25738,8401
2022-06-07,3.8265030467379517e-07,31155.478516,28436,9248
2022-06-08,8.719306461522271e-07,30214.355469,9566,3436
2022-06-09,-1.8116426446475274e-07,30111.998047,22650,7004
2022-06-10,6.244830091345351e-06,29083.804688,24888,7974
2022-06-11,-8.765654815869147e-07,28360.810547,21444,6325
2022-06-12,-6.616871860427318e-06,26762.648438,22241,6757
2022-06-13,-1.5951144961923032e-06,22487.388672,53723,18402
2022-06-14,-1.6880761006025205e-06,22206.792969,42041,14787
2022-06-15,-3.3811320601763304e-07,22572.839844,38993,13802
2022-06-16,1.2464855037108132e-06,20381.650391,26605,9156
2022-06-17,9.834043224363255e-07,20471.482422,22808,8222
2022-06-18,-2.3390888273499966e-06,19017.642578,48065,16173
2022-06-19,1.8668549101929827e-06,20553.271484,32577,10571
2022-06-20,3.8186357898351835e-07,20599.537109,31836,11150
2022-06-21,-1.6672789263389041e-06,20710.597656,30286,10680
2022-06-22,-4.481310553410596e-07,19987.029297,26971,9454
2022-06-23,7.698308176988289e-07,21085.876953,26410,9189
2022-06-24,-5.4623706760969255e-06,21231.65625,25371,8822
2022-06-25,1.941963498477041e-06,21502.337891,21062,7142
2022-06-26,-6.300437567533648e-07,21027.294922,18746,6081
2022-06-27,4.40038090678969e-06,20735.478516,24662,8271
2022-06-28,1.4810502752353562e-06,20280.634766,25182,8803
2022-06-29,-1.9901725650731542e-07,20104.023438,26981,9475
2022-06-30,4.155223769022645e-06,19784.726563,32319,11509
2022-07-01,-9.70145971856698e-07,19269.367188,28422,9962
2022-07-02,-1.5659282053260204e-05,19242.255859,21836,7114
2022-07-03,-4.1998264662699173e-07,19297.076172,20436,6823
2022-07-04,2.0171070468053323e-06,20231.261719,24251,8335
2022-07-05,-1.4235607623928166e-06,20190.115234,24903,8953
2022-07-06,2.4005884721336276e-05,20548.246094,25500,8845
2022-07-07,2.4905123128717234e-06,21637.587891,25997,8957
2022-07-08,-3.2601759662099384e-06,21731.117188,25956,9049
2022-07-09,-2.4631733805696504e-06,21592.207031,20225,6734
2022-07-10,-2.620307412611156e-06,20860.449219,19587,6310
2022-07-11,1.3088666626946373e-05,19970.556641,25737,8868
2022-07-12,-8.408222785081126e-07,19323.914063,26103,9327
2022-07-13,1.10943676666029e-07,20212.074219,26646,9658
2022-07-14,7.36482311476924e-08,20569.919922,25042,8758
2022-07-15,3.873711092871463e-08,20836.328125,23712,8280
2022-07-16,9.518289410408081e-06,21190.316406,21788,7332
2022-07-17,3.378913913774166e-07,20779.34375,20559,7062
2022-07-18,-2.598559702050211e-06,22485.689453,28577,10120
2022-07-19,1.143319429728833e-06,23389.433594,30372,10571
2022-07-20,5.501281184911645e-07,23231.732422,34390,12327
2022-07-21,2.522023458586365e-07,23164.628906,32116,11404
2022-07-22,-1.1215845713694426e-06,22714.978516,26036,9192
2022-07-23,2.5387867688781483e-06,22465.478516,20649,7608
2022-07-24,-7.640082464026127e-07,22609.164063,20855,7040
2022-07-25,-2.612725257242573e-06,21361.701172,26190,8994
2022-07-26,-8.037537154032196e-09,21239.753906,27033,9209
2022-07-27,-3.0692082561440755e-07,22930.548828,27477,9279
2022-07-28,2.3787509027872187e-07,23843.886719,26699,9972
2022-07-29,8.650647739382046e-07,23804.632813,26260,9579
2022-07-30,-9.014600443998061e-07,23656.207031,22908,7988
2022-07-31,8.647351664543371e-07,23336.896484,21668,7724
2022-08-01,6.205985429865388e-07,23314.199219,27563,10524
2022-08-02,3.0452126287047713e-07,22978.117188,28838,11123
2022-08-03,1.565287901359889e-06,22846.507813,29328,11520
2022-08-04,3.70934795608989e-07,22630.957031,28295,11431
2022-08-05,-7.166093002197329e-07,23289.314453,27510,11106
2022-08-06,-1.569262495645536e-07,22961.279297,22592,8827
2022-08-07,-2.0751657610472105e-06,23175.890625,23861,8895
2022-08-08,-1.039160806233588e-06,23809.486328,29544,11617
2022-08-09,-3.3343947692588235e-07,23164.318359,28378,10782
2022-08-10,-5.770299794539623e-07,23947.642578,26288,9535
2022-08-11,-8.095770168204777e-07,23957.529297,28873,10192
2022-08-12,1.6169832516781596e-06,24402.818359,26091,9094
2022-08-13,2.0554709593160867e-06,24424.068359,22710,7653
2022-08-14,5.862041398762215e-07,24319.333984,21384,7119
2022-08-15,-6.586192778491077e-07,24136.972656,26448,8996
2022-08-16,1.304418043617284e-06,23883.291016,24860,8544
2022-08-17,1.0562372686927243e-06,23335.998047,26207,9130
2022-08-18,2.799621284461077e-07,23212.738281,24151,8347
2022-08-19,-2.6444044421321294e-07,20877.552734,30500,10583
2022-08-20,1.5556823567878463e-07,21166.060547,21929,7522
2022-08-21,2.843604132650291e-06,21534.121094,19578,6464
2022-08-22,2.8625858786479782e-06,21398.908203,26272,9045
2022-08-23,1.9831390839043364e-07,21528.087891,26592,8851
2022-08-24,3.176151242762872e-07,21395.019531,24790,8445
2022-08-25,3.024274136177625e-05,21600.904297,23976,8295
2022-08-26,9.077247738573492e-07,20260.019531,26475,9156
2022-08-27,-1.3525849793455417e-07,20041.738281,23282,8000
2022-08-28,-1.9437025190885065e-06,19616.814453,21753,7297
2022-08-29,2.485596679029529e-08,20297.994141,25974,9359
2022-08-30,1.6557736080614977e-07,19796.808594,25056,9196
2022-08-31,-1.8985779695387463e-06,20049.763672,24879,9054
2022-09-01,5.558104149653445e-06,20127.140625,24789,8918
2022-09-02,-2.0891405233493805e-06,19969.771484,24699,8547
2022-09-03,-4.746821561019437e-08,19832.087891,19613,6460
2022-09-04,-3.963831741134471e-07,19986.712891,19361,6918
2022-09-05,-2.2976451033248135e-06,19812.371094,23690,8836
2022-09-06,-1.078647992958826e-07,18837.667969,26703,9901
2022-09-07,-1.858548921397775e-06,19290.324219,31417,10641
2022-09-08,-1.5466733995790543e-06,19329.833984,26795,9831
2022-09-09,1.4838062557254967e-06,21381.152344,28702,10086
2022-09-10,5.959371423680457e-07,21680.539063,21718,7399
2022-09-11,-1.8269699676920294e-06,21769.255859,19605,6870
2022-09-12,4.3935443335453505e-06,22370.449219,26216,9695
2022-09-13,6.082231347117088e-07,20296.707031,28891,10657
2022-09-14,-9.890214548092615e-07,20241.089844,25429,9248
2022-09-15,4.957533348600472e-07,19701.210938,23720,8880
2022-09-16,3.008541740936108e-07,19772.583984,22358,8400
2022-09-17,3.2010156069221826e-07,20127.576172,19400,6981
2022-09-18,-1.925758742089988e-06,19419.505859,19852,7559
2022-09-19,1.4242212885019092e-06,19544.128906,26901,10112
2022-09-20,8.292032703650847e-07,18890.789063,25436,9836
2022-09-21,1.465266044092349e-06,18547.400391,25447,10293
2022-09-22,-2.7586287503871614e-06,19413.550781,24225,8931
2022-09-23,-9.744432384045837e-07,19297.638672,22830,8634
2022-09-24,-3.100652755036624e-07,18937.011719,17946,6775
2022-09-25,-1.0406215444874192e-06,18802.097656,17845,6598
2022-09-26,7.540996577709933e-06,19222.671875,23669,9025
2022-09-27,2.1406829167497016e-08,19110.546875,28265,10373
2022-09-28,-1.3634844646498874e-06,19426.720703,27762,10397
2022-09-29,5.111994423751492e-06,19573.050781,26373,10716
2022-09-30,1.4928859779498068e-07,19431.789063,26429,10766
2022-10-01,-1.3517728551638261e-06,19312.095703,20602,8143
2022-10-02,-7.452264645267195e-07,19044.107422,20840,8362
2022-10-03,-2.2497774970055464e-06,19623.580078,25870,10293
2022-10-04,-1.597012467622353e-07,20336.84375,27368,10991
2022-10-05,-6.196929520910969e-07,20160.716797,26976,10437
2022-10-06,5.33514159065646e-07,19955.443359,26011,9989
2022-10-07,3.661276927079904e-07,19546.849609,25395,9829
2022-10-08,-2.729287064741415e-06,19416.568359,23917,8668
2022-10-09,-1.4861335092008195e-07,19446.425781,21075,7708
2022-10-10,-8.40836354620981e-07,19141.484375,27950,10685
2022-10-11,-9.357160668389386e-07,19051.417969,30681,11662
2022-10-12,-1.6146810371929083e-06,19157.445313,29725,10862
2022-10-13,-4.445633269363461e-07,19382.904297,32055,12503
2022-10-14,8.34519191064693e-09,19185.65625,30115,11826
2022-10-15,-3.049759755564653e-06,19067.634766,24559,10183
2022-10-16,7.990016617858845e-07,19268.09375,26136,11068
2022-10-17,-2.059743466382659e-06,19550.757813,28350,10885
2022-10-18,-4.6700619361920626e-06,19334.416016,29773,11321
2022-10-19,-2.9748796767296525e-06,19139.535156,28367,10495
2022-10-20,7.360799394461501e-07,19053.740234,28655,10410
2022-10-21,-1.0652279822858855e-07,19172.46875,28842,10125
2022-10-22,9.238041458901811e-07,19208.189453,24849,9733
2022-10-23,-5.158099877800596e-06,19567.007813,24693,9367
2022-10-24,1.6808460685743776e-06,19345.572266,27601,10728
2022-10-25,-4.328729354269037e-07,20095.857422,30506,11774
2022-10-26,2.67771212689549e-07,20770.441406,29957,11715
2022-10-27,-7.277446301836546e-07,20285.835938,27464,10660
2022-10-28,6.60169415483452e-06,20595.351563,27443,9906
2022-10-29,-1.1589834945277388e-07,20818.476563,22884,9458
2022-10-30,-9.22661955412184e-06,20635.603516,22435,8264
2022-10-31,9.444904361225506e-07,20495.773438,30097,10561
2022-11-01,-1.60562756025588e-05,20485.273438,27259,10005
2022-11-02,-1.6255066304751502e-06,20159.503906,27591,11013
2022-11-03,1.925373989542978e-07,20209.988281,28418,11295
2022-11-04,-1.0943454792389107e-05,21147.230469,33121,11752
2022-11-05,6.369046999474692e-06,21282.691406,28860,9285
2022-11-06,1.7405493954106014e-06,20926.486328,27607,9064
2022-11-07,-2.5434381571202498e-06,20602.816406,29005,10780
2022-11-08,1.1504502777561306e-06,18541.271484,36935,15291
2022-11-09,-2.116628198051578e-06,15880.780273,42775,17265
2022-11-10,2.4332940904168754e-07,17586.771484,37937,15557
2022-11-11,9.131949209917018e-08,17034.292969,30790,12544
2022-11-12,-5.256916125110365e-06,16799.185547,25596,10318
2022-11-13,-1.0027167461358862e-06,16353.365234,25444,10707
2022-11-14,-4.086576479701361e-06,16618.199219,32642,12708
2022-11-15,1.7383969961950207e-06,16884.613281,31778,11121
2022-11-16,-2.3130625214757664e-06,16669.439453,29222,10979
2022-11-17,-5.338779133316001e-06,16687.517578,16938,6668
2022-11-18,-8.342969801225809e-08,16697.777344,27802,10435
2022-11-19,-4.7507138665198135e-07,16711.546875,22918,9504
2022-11-20,8.33482737565462e-08,16291.832031,27900,14378
2022-11-21,9.245167695871922e-07,15787.28418,34453,16016
2022-11-22,5.122672151905617e-07,16189.769531,31962,13933
2022-11-23,-1.5780061819108975e-07,16610.707031,29993,13424
2022-11-24,-2.790218259346475e-07,16604.464844,25363,11230
2022-11-25,3.176370908800826e-07,16521.841797,25633,10697
2022-11-26,-1.1290444019700532e-06,16464.28125,23909,10611
2022-11-27,7.10457341126689e-07,16444.626953,6198,3061
2022-11-28,-4.753884336944811e-06,16217.322266,28558,12711
2022-11-29,-7.038874861193389e-07,16444.982422,26151,11492
2022-11-30,-1.4663565532036148e-06,17168.566406,27452,11105
2022-12-01,-1.5388997691049708e-06,16967.132813,25793,10680
2022-12-02,5.32009629449994e-07,17088.660156,23962,10057
2022-12-03,5.915875752633302e-07,16908.236328,20441,8502
2022-12-04,-7.394964597718349e-07,17130.486328,19541,8341
2022-12-05,1.93953633336994e-07,16974.826172,26347,10631
2022-12-06,-1.0691364118791335e-06,17089.503906,25113,10477
2022-12-07,9.987451114436762e-07,16848.126953,24054,10012
2022-12-08,8.904530123749162e-08,17233.474609,23927,10054
2022-12-09,-1.7728065354763439e-06,17133.152344,23034,10257
2022-12-10,-3.0541199063963566e-07,17128.724609,19399,8944
2022-12-11,-2.736460940950701e-07,17104.193359,19039,7857
2022-12-12,-3.852525961926552e-06,17206.4375,25497,10191
2022-12-13,1.3014523226527986e-06,17781.318359,28574,11464
2022-12-14,-7.733654693485641e-07,17815.650391,17887,7365
2022-12-15,-3.9102917241312834e-07,17364.865234,24894,10465
2022-12-16,9.845746469864226e-08,16647.484375,26524,11205
2022-12-17,2.3950625037222154e-07,16795.091797,21558,9286
2022-12-18,2.7506153237967765e-06,16757.976563,18900,8283
2022-12-19,2.835023424691874e-07,16439.679688,24804,10319
2022-12-20,-5.917193915735326e-07,16906.304688,23949,9888
2022-12-21,1.0740542237984604e-06,16817.535156,24819,10452
2022-12-22,-1.163837374766722e-06,16830.341797,23415,9785
2022-12-23,-8.626455270659276e-07,16796.953125,21979,9422
2022-12-24,9.273074373776307e-08,16847.755859,18539,7982
2022-12-25,1.0943607056019676e-06,16841.986328,18229,7485
2022-12-26,1.4910161381448712e-07,16919.804688,21591,8912
2022-12-27,1.9535722032385897e-07,16717.173828,23150,9003
2022-12-28,7.188525855110516e-07,16552.572266,24304,10076
2022-12-29,-4.63870135882436e-06,16642.341797,23905,9811
2022-12-30,-8.596989965552102e-07,16602.585938,22327,9237
2022-12-31,5.276211030473447e-06,16547.496094,19568,8512
2023-01-01,-9.437366993647633e-08,16625.080078,18612,7731
2023-01-02,-3.0464711328889955e-08,16688.470703,22384,9140
2023-01-03,-1.531201023235196e-06,16679.857422,29320,11102
2023-01-04,2.963548386117549e-07,16863.238281,25656,10371
2023-01-05,-3.213216066830097e-06,16836.736328,23234,9733
2023-01-06,2.920293177548542e-07,16951.96875,23336,9897
2023-01-07,1.2924682276775218e-07,16955.078125,19825,8563
2023-01-08,3.7858140832835483e-07,17091.144531,19817,8435
2023-01-09,1.4573314456353093e-07,17196.554688,26843,11464
2023-01-10,1.283763855331887e-06,17446.292969,23826,10359
2023-01-11,3.1497058572114535e-07,17934.896484,21594,8639
2023-01-12,4.718408851372632e-07,18869.587891,29518,10458
2023-01-13,1.3791956625428041e-06,19909.574219,27986,9724
2023-01-14,1.478832796341285e-06,20976.298828,31486,11171
2023-01-15,3.4863298240965466e-07,20880.798828,21468,7542
2023-01-16,4.2087133285599905e-07,21169.632813,25680,9053
2023-01-17,7.923394676805103e-07,21161.519531,24819,9097
2023-01-18,-3.3711936274854777e-06,20688.78125,25467,9394
2023-01-19,-1.1666293510363394e-06,21086.792969,23901,8967
2023-01-20,5.662590754353009e-07,22676.552734,25715,9623
2023-01-21,-3.560843592754168e-07,22777.625,25020,9057
2023-01-22,3.367035129811707e-07,22720.416016,19328,7223
2023-01-23,1.0770932376666663e-06,22934.431641,24097,8410
2023-01-24,-6.899188610233543e-07,22636.46875,25982,9298
2023-01-25,3.139720870284357e-07,23117.859375,26100,9239
2023-01-26,9.281488944022052e-07,23032.777344,24760,8833
2023-01-27,-7.87736433600745e-07,23078.728516,24528,8828
2023-01-28,7.181350283188982e-07,23031.089844,19116,6940
2023-01-29,2.6000377926355855e-06,23774.566406,20728,7544
2023-01-30,1.0292411281741827e-06,22840.138672,26003,9527
2023-01-31,1.2136261380191216e-06,23139.283203,25081,9128
2023-02-01,6.836757174420468e-07,23723.769531,25314,9187
2023-02-02,-2.394732717327414e-07,23471.871094,27848,10347
2023-02-03,3.8575284802048734e-06,23449.322266,24314,8799
2023-02-04,-1.807773955717082e-07,23331.847656,19521,6941
2023-02-05,-9.893410516527646e-07,22955.666016,20003,7111
2023-02-06,-1.3422377304396257e-06,22760.109375,29617,7933
2023-02-07,2.507221773908853e-06,23264.291016,23929,8096
2023-02-08,-1.821350968867648e-07,22939.398438,21362,7315
2023-02-09,-3.001990761490038e-07,21819.039063,26130,8524
2023-02-10,-6.787433065945441e-07,21651.183594,22260,7322
2023-02-11,1.1146387348930463e-06,21870.875,17314,5597
2023-02-12,-4.689786981500681e-06,21788.203125,16147,5303
2023-02-13,-2.4669854855882763e-06,21808.101563,18674,6515
2023-02-14,5.896833885605966e-07,22220.804688,19996,6814
2023-02-15,5.618548706976182e-07,24307.841797,24016,7760
2023-02-16,-1.6885762063349328e-06,23623.474609,22876,7360
2023-02-17,-5.164126807861488e-07,24565.601563,20972,7187
2023-02-18,-1.045913341006705e-06,24641.277344,15959,5065
2023-02-19,-1.0836182130908915e-06,24327.642578,16360,5484
2023-02-20,2.290686268837769e-06,24829.148438,21056,7318
2023-02-21,4.9727044968299195e-06,24436.353516,21126,7346
2023-02-22,7.413288616376399e-07,24188.84375,19123,6333
2023-02-23,3.0890466527544817e-06,23947.492188,21518,6020
2023-02-24,-1.1401320318498167e-07,23198.126953,19557,6863
2023-02-25,-8.792693598539811e-07,23175.375,14910,5119
2023-02-26,-1.0824935605819048e-06,23561.212891,15202,4845
2023-02-27,-2.695145514679542e-07,23522.871094,19205,7062
2023-02-28,-3.5881371429873713e-06,23147.353516,20641,7384
2023-03-01,8.292116395020347e-07,23646.550781,19706,7022
2023-03-02,-6.266509598373197e-07,23475.466797,18492,6772
2023-03-03,5.355072484119116e-07,22362.679688,21829,7997
2023-03-04,-9.754004096740433e-07,22353.349609,15267,5283
2023-03-05,2.6412472916974383e-07,22435.513672,14924,5111
2023-03-06,2.3349913565733198e-07,22429.757813,34172,6838
2023-03-07,-1.151370022582217e-05,22219.769531,20424,7295
2023-03-08,-3.579643029530467e-08,21718.080078,19411,6794
2023-03-09,-1.69997876890475e-07,20363.021484,23083,8169
2023-03-10,-2.154550634454447e-06,20187.244141,26591,9184
2023-03-11,-4.504386648823203e-06,20632.410156,21645,7357
2023-03-12,-4.693922155094084e-07,22163.949219,20011,6698
2023-03-13,-1.4803657595861284e-06,24197.533203,34896,11588
2023-03-14,3.13636893751144e-07,24746.074219,40610,11238
2023-03-15,-7.719260474284343e-07,24375.960938,24699,8365
2023-03-16,-1.5357342425874972e-07,25052.789063,22124,7482
2023-03-17,1.3167342069062488e-06,27423.929688,29182,10113
2023-03-18,5.55924333886223e-07,26965.878906,30331,7735
2023-03-19,2.237640069741234e-06,28038.675781,25190,8613
2023-03-20,1.0825481048450592e-06,27767.236328,37103,9683
2023-03-21,-1.4334510738919032e-08,28175.816406,33858,8606
2023-03-22,4.1041783885746555e-06,27307.4375,27298,9129
2023-03-23,-7.444364781678792e-07,28333.972656,23132,7869
2023-03-24,-1.2692129651018194e-07,27493.285156,22185,7498
2023-03-25,9.74987202084298e-06,27494.707031,17170,5650
2023-03-26,-2.641607072462669e-06,27994.330078,17217,5620
2023-03-27,8.906834888784806e-07,27139.888672,28620,7867
2023-03-28,-8.446649833432063e-07,27268.130859,21563,7098
2023-03-29,1.7720495209707948e-06,28348.441406,29666,7612
2023-03-30,-2.062671941594602e-07,28033.5625,22983,7980
2023-03-31,3.094033745318632e-06,28478.484375,22088,7694
2023-04-01,7.904829184962187e-07,28411.035156,17542,6015
2023-04-02,-9.165528842912039e-07,28199.308594,18555,5403
2023-04-03,1.0305080560390998e-07,27790.220703,20634,6738
2023-04-04,5.953803060769117e-09,28168.089844,24039,5920
2023-04-05,-1.1559398302736334e-06,28177.984375,21914,6574
2023-04-06,8.866743216395671e-07,28044.140625,21537,6555
2023-04-07,9.254638415943309e-07,27925.859375,19522,5987
2023-04-08,6.399978915741592e-07,27947.794922,18176,6047
2023-04-09,-6.096882225448496e-07,28333.050781,15575,5070
2023-04-10,1.6499648204297655e-07,29652.980469,31468,8203
2023-04-11,1.1172349421668695e-06,30235.058594,33655,11209
2023-04-12,-1.1765637366375554e-06,30139.052734,25706,7693
2023-04-13,3.1260954428035033e-06,30399.066406,22037,7066
2023-04-14,-1.0456255679533326e-07,30485.699219,21829,6708
2023-04-15,1.0376781004631409e-06,30318.496094,17330,4898
2023-04-16,4.475305415376274e-06,30315.355469,15539,4679
2023-04-17,-5.343912560913947e-06,29445.044922,21235,6593
2023-04-18,-1.693754668861773e-06,30397.552734,22224,7042
2023-04-19,-5.326139911429441e-08,28822.679688,23078,6750
2023-04-20,5.254245750989655e-07,28245.988281,19910,6138
2023-04-21,-3.3108610804293095e-06,27276.910156,19076,6100
2023-04-22,-2.591585262969016e-06,27817.5,14429,4431
2023-04-23,3.4874072568055875e-07,27591.384766,13494,4164
2023-04-24,2.1527573495328584e-06,27525.339844,19046,6220
2023-04-25,-3.651006839951831e-06,28307.597656,20715,6360
2023-04-26,1.1696514134347683e-06,28422.701172,26947,8308
2023-04-27,7.889588383303361e-06,29473.787109,20926,6510
2023-04-28,1.611701888550954e-07,29340.261719,19405,6517
2023-04-29,-5.656478946078746e-07,29248.488281,14550,4717
2023-04-30,2.3296650333905555e-06,29268.806641,15390,4734
2023-05-01,-6.793063664843454e-07,28091.568359,20935,6465
2023-05-02,1.8456375070538007e-06,28680.537109,20775,6896
2023-05-03,2.3176194541957176e-07,29006.308594,21028,7163
2023-05-04,1.6058894344748917e-06,28847.710938,19654,6196
2023-05-05,5.222774271668827e-06,29534.384766,19317,6231
2023-05-06,2.0237161315676607e-06,28904.623047,15290,4706
2023-05-07,-2.0189224952959108e-06,28454.978516,17315,5206
2023-05-08,-5.69789909133682e-07,27694.273438,26671,8586
2023-05-09,9.505048976352171e-07,27658.775391,20969,7472
2023-05-10,4.7155619625063765e-08,27621.755859,21805,7624
2023-05-11,-1.7121508913469951e-07,27000.789063,20521,6814
2023-05-12,5.791031012125017e-07,26804.990234,22021,6622
2023-05-13,-4.6744759520741864e-06,26784.078125,15066,4454
2023-05-14,3.2695068744897552e-06,26930.638672,15303,4241
2023-05-15,-6.471275347955375e-07,27192.693359,20987,6427
2023-05-16,3.796513648030098e-07,27036.650391,19303,6638
2023-05-17,2.6062251473336264e-06,27398.802734,20782,7165
2023-05-18,-1.5665117386557123e-07,26832.208984,20075,6390
2023-05-19,7.733428636737309e-06,26890.128906,20343,6404
2023-05-20,6.125891215917516e-06,27129.585938,17404,4943
2023-05-21,2.9325916381805714e-06,26753.826172,15513,4834
2023-05-22,1.0497036297538928e-06,26851.277344,26178,7790
2023-05-23,3.3953301347060347e-06,27225.726563,19507,5451
2023-05-24,3.4227939829488053e-06,26334.818359,28882,5502
2023-05-25,9.361416690161295e-06,26476.207031,20386,5398
2023-05-26,9.629017109168148e-08,26719.291016,17656,4905
2023-05-27,-3.1383882435397e-07,26868.353516,12921,3796
2023-05-28,2.572605347928876e-06,28085.646484,13341,4065
2023-05-29,7.705443182265934e-06,27745.884766,15120,5028
2023-05-30,4.3863195115843745e-07,27702.349609,17600,5424
2023-05-31,-9.224831087766228e-07,27219.658203,17008,5246
